{
    "authors": {
        "name": "Hayato Hiratori",
        "url": "https://os.mbed.com/users/flatbird/"
    },
    "build": {
        "builder": "MbedLibBuilder"
    },
    "description": "Simple WebSocket server library.",
    "examples": [
        "https://os.mbed.com/users/flatbird/code/WebSocketServerTest/"
    ],
    "frameworks": "mbed",
    "keywords": [],
    "name": "WebSocketServer",
    "platforms": "*",
    "repository": {
        "type": "hg",
        "url": "https://os.mbed.com/users/flatbird/code/WebSocketServer/"
    },
    "version": "0.0.0+sha.db41b4e0d64b"
}